Ries,b,n: fuller rich nose; full vanilla caramels vanilla wafers dried red fruit and milk chocolate bar. t: quite malty with a nice density to this. Doesn't stray too far from young sherry cask influence and vanilla oak char. Has an all-spice and dried figs & strawberry middle that gets even dryer in the brown sugar and vanilla caramel finish. End is a dark chocolate covered raisins. This is a nice everyday sipper; barely semi-sweet but a great value. [B solid] ,Aberlour 12 Year Old Non Chill-filtered,Aberlour,12 yrs,Scotch,N/A,Single Malt,48.00,Speyside,50,Wide,http://www.lawhiskeysociety.com/whiskey-profile/3365/Aberlour-12-Year-Old-Non-Chill-filtered
Andy,bminus,n:  Gym socks across the room p:  Wierd.  Great mouthfeel.  Sweet and musty.  Tweed finish. ,Aberlour 12 Year Old Non Chill-filtered,Aberlour,12 yrs,Scotch,N/A,Single Malt,48.00,Speyside,50,Wide,http://www.lawhiskeysociety.com/whiskey-profile/3365/Aberlour-12-Year-Old-Non-Chill-filtered
Andy,bplus,p: Candied plums and mint.  The batches are of course very similar.  I'd put this one in the top 25.  Good batch. ,Aberlour A'bunadh Batch 46,OB,N/A,Scotch,N/A,Single Malt,60.40,Highland,65,Better Stores,http://www.lawhiskeysociety.com/whiskey-profile/3692/Aberlour-Abunadh-Batch-46
Fuji,bminus,Semi sweet chocolate and red berries.  I get more sherry aspects on the palate alongside nutty notes.,Aberlour A'bunadh Batch 46,OB,N/A,Scotch,N/A,Single Malt,60.40,Highland,65,Better Stores,http://www.lawhiskeysociety.com/whiskey-profile/3692/Aberlour-Abunadh-Batch-46
Fuji,b,N: Ceral oats christmas cinnamon raisin raspberry and sour plumP: Sweet yet tangy sherry fruitF: Lingering sour cherry There are flashes of tired sherry notes on the nose and finish.  But it doesnt detract from the enjoyment. ,Aberlour A'bunadh Batch 47,OB,N/A,Scotch,N/A,Single Malt,60.70,Speyside,65,Wide,http://www.lawhiskeysociety.com/whiskey-profile/3180/Aberlour-Abunadh-Batch-47
Andy,b,n:  Cherry Kirsch in a metal thermos. p:  Dipping a cedar rod in sherry and sucking out the juice.  A bit heavier on the black pepper and light on the sweetness than usual but still a solid sherry bomb as usual.,Aberlour A'bunadh Batch 47,OB,N/A,Scotch,N/A,Single Malt,60.70,Speyside,65,Wide,http://www.lawhiskeysociety.com/whiskey-profile/3180/Aberlour-Abunadh-Batch-47
Andy,b,n:  Plum pie whipped cream p:  Hot and Christmas spicy.   Semi-sweet and finish goes a bit fast as compared to other A'bunadhs.  Add a little water to this one. Nicer mouthfeel with the water.  All in all not bad but I'd choose other batches over this. ,Aberlour A'bunadh Batch 50,OB,N/A,Scotch,N/A,Single Malt,59.60,Highland,65,Better Stores,http://www.lawhiskeysociety.com/whiskey-profile/3711/Aberlour-Abunadh-Batch-50
Ries,b,Typical nose of this release with more tobacco leaf and a good amount of Tahitian vanilla. Inviting aroma.    Typical dark chocolate and raspberry jam with a middle that's dry and not very sweet/fruity. The finish is rather nice with black cherry cordials and the dry tobacco. Enjoyable robust whisky but not as full-flavoured and fruity as previous releases.  [B/B-],Aberlour A'bunadh Batch 50,OB,N/A,Scotch,N/A,Single Malt,59.60,Highland,65,Better Stores,http://www.lawhiskeysociety.com/whiskey-profile/3711/Aberlour-Abunadh-Batch-50
Andy,b,n:  Toasted oats and rose petals p:  Cheerios.  Hint of varnish.  Light and quaffable. ,Amrut Rye,OB,5 yrs,World,N/A,Indian,50.00,,180,Specialty Stores,http://www.lawhiskeysociety.com/whiskey-profile/4034/Amrut-Rye
Sku,cminus,Nose: Grainy with vanilla notes.Palate: Raw and grainy much like an American craft whiskey some malty notes.Finish: young light grain whiskey. This stuff is pretty bad. ,Amrut Rye,OB,5 yrs,World,N/A,Indian,50.00,,180,Specialty Stores,http://www.lawhiskeysociety.com/whiskey-profile/4034/Amrut-Rye
Andy,c,n:  Bland and blendy.  Mostly just alkeehol. p:  Faint peaches and alcohol.  Really not a lot of cask activity on this.  Imagine a decent blend.,anCnoc 16,OB,16 yrs,Scotch,N/A,Single Malt,46.00,Highland,70,Specialty Stores,http://www.lawhiskeysociety.com/whiskey-profile/3332/anCnoc-16
Fuji,cminus,Fresh green apple and melted butter. Neutral on the palate with some fruit sweetness on the short finish. ,anCnoc 16,OB,16 yrs,Scotch,N/A,Single Malt,46.00,Highland,70,Specialty Stores,http://www.lawhiskeysociety.com/whiskey-profile/3332/anCnoc-16
Andy,cplus,n:  Caramel.  Makeup. p:  Short of a bland and bitter sherry.  Toffey.  This one needs to be sweeter.  ,Archives Speyside Blended Malt,Whiskybase,N/A,Scotch,2001,Vatted Malt,44.70,Speyside,70,Overseas Specialty,http://www.lawhiskeysociety.com/whiskey-profile/3640/Archives-Speyside-Blended-Malt
Andy,b,n:  Great.  Fresh asphalt p:  Quick smack of ashes then flashes out.  Mt. St. Helen's in 1.5 seconds.  Woodfinish finish takes over from there.  Fun and focused. B/B+ ,Ardbeg 1992 Sovereign (for k&l),Sovereign,21 yrs,Scotch,1992,Single Malt,49.60,Islay,350,Specialty Stores,http://www.lawhiskeysociety.com/whiskey-profile/3287/Ardbeg-1992-Sovereign-(for-k-and-l)
Fuji,bminus,N: Coastal salty notes mixed with fatty charred meats and peat. Citrus squeezed over oysters and lingering ash. P: Slow start with peat and oil attacking toward mid palate. Medium finish with white pepper and smoke. Aggressively full flavored peat but it doesn't have much depth. ,Ardbeg 1992 Sovereign (for k&l),Sovereign,21 yrs,Scotch,1992,Single Malt,49.60,Islay,350,Specialty Stores,http://www.lawhiskeysociety.com/whiskey-profile/3287/Ardbeg-1992-Sovereign-(for-k-and-l)
Andy,bplus,n:  30% Gallileo 70% Ardbog.  You get that decaying wood funk with just a bit of dried apricots  p:  Thin mouthfeel.  Gunpowder and wintergreen.  Really sticks in the finish. B/B+ ,Ardbeg Dark Cove,OB,N/A,Scotch,N/A,Single Malt,46.50,Islay,120,Specialty Stores,http://www.lawhiskeysociety.com/whiskey-profile/3810/Ardbeg-Dark-Cove
Ries,bminus,n: great! Salt smoke dark fruit full of salted plums (like ume) with a white frosting sweetness. Very maritime and briney. t: salt dill brine with some typical Ardbeg pitch tar & BBQ but thin in the mouthfeel and fades to smoked paper. It's very light and I am surprised that this is 46%; feels like less than 40% at best. Match smoke light cream and movie popcorn butter. Fruity vanilla and apricots with a slight dusting of cocoa in middle. Floral and soft sweetness in a new leather finish.  [B-/C+],Ardbeg Kildalton 2014 Release,Ardbeg,NAS yrs,Scotch,2014,Single Malt,46.00,Islay,205,Specialty Stores,http://www.lawhiskeysociety.com/whiskey-profile/3292/Ardbeg-Kildalton-2014-Release
Andy,b,n:  nice and briney.  saltwater taffey.  Very maritime. p:  Less sweet and intense than the nose suggests.  White pepper and salt in a very straightforward way. ,Ardbeg Kildalton 2014 Release,Ardbeg,NAS yrs,Scotch,2014,Single Malt,46.00,Islay,205,Specialty Stores,http://www.lawhiskeysociety.com/whiskey-profile/3292/Ardbeg-Kildalton-2014-Release
Ries,b,n: very vanilla and oaky. Full of sea brine and a weird mix of pickled meat and spice. This is subdued and pleasant with a hint of red fruit and toffee. t: follows nose with the briney/pickle quality. Has a burnt pumpernickle toast quality with lots of butter that is nice but the mouthfeel is thin. BBQ meat scalded strawberries and some sea salt in middle. Finish is burnt paper smoke hint of green citrus and vanilla coffee creamer. This isn't a knock-out punch but it is nicely balanced between the fruity side and a young vanilla profile.  [B/B-] ,Ardbeg Perpetuum,Ardbeg,N/A,Scotch,2015,Single Malt,47.40,Islay,100,Better Stores,http://www.lawhiskeysociety.com/whiskey-profile/3510/Ardbeg-Perpetuum
Andy,b,n:  Caramel cubes and a whiff of sulpher p:  Dry and briney.   Lemon pepper salt.  Not too complex.  Strong but dull. ,Ardbeg Perpetuum,Ardbeg,N/A,Scotch,2015,Single Malt,47.40,Islay,100,Better Stores,http://www.lawhiskeysociety.com/whiskey-profile/3510/Ardbeg-Perpetuum
Fuji,cplus,N: Spicy and sooty. White cracked peppercorn cinnamon clove hot Tarmac wet earth rusty metal and sour citrus. P: Less aggressive palate. Smoke BBQ meats cured jamon seaweed and salt water.   Dry mouthfeel with short lime peel finish. All over the place. Tastes like it was finished in funky wine casks. ,Ardbeg Perpetuum,Ardbeg,N/A,Scotch,2015,Single Malt,47.40,Islay,100,Better Stores,http://www.lawhiskeysociety.com/whiskey-profile/3510/Ardbeg-Perpetuum
Andy,cplus,n:  Molten plastic.  Enjoyable toxins. p:  Generic peat.  Unsweet tar and ash.  Doesn't really escape to anything more complex. C+/B- ,Ardmore 2000 Villa Konthor,Villa Konthor,14 yrs,Scotch,2000,Single Malt,51.90,Speyside,70,Overseas Specialty,http://www.lawhiskeysociety.com/whiskey-profile/3701/Ardmore-2000-Villa-Konthor
Andy,cplus,n:  Lemon rinds and moldy oranges p:  Tad hot.  Citrus and tweed.  With water it's just bitter citrus like a juice gone stale,Arran 1996 Blackadder Raw Cask (Lochranza),Blackadder,17 yrs,Scotch,1996,Single Malt,55.50,Island,170,Specialty Stores,http://www.lawhiskeysociety.com/whiskey-profile/3300/Arran-1996-Blackadder-Raw-Cask-(Lochranza)
Andy,bplus,n:  Lemon and vegetable oil p:  Bold and spicy.  Hot in both the feel and the flavor.  Thai chili on top of semi-sweet sherry.  Not too much in complexity but quite successful at get attention and a smile. B/B+  ,Arran 2000 for K&L,OB,15 yrs,Scotch,2000,Single Malt,56.80,Island,130,Specialty Stores,http://www.lawhiskeysociety.com/whiskey-profile/3788/Arran-2000-for-K-and-L
Andy,c,n:  Citrus p:  Bitter oranges.  Thin.  Hint of toffee.  Sort of a base model starter single malt. I'd call it a decent blend.  Forgettable.  C/C+ ,Arran Lochranza Reserve,OB,N/A,Scotch,N/A,Single Malt,43.00,Arran,45,Overseas Wide,http://www.lawhiskeysociety.com/whiskey-profile/3686/Arran-Lochranza-Reserve
Andy,cplus,n:  Coconut cake p:  Coconut and white paper.  Thin and vaporous.  Classic grain whisky.     ,Bain's Cape Mountain Whisky,OB,N/A,World,N/A,Other,43.00,South Africa,30,Specialty Stores,http://www.lawhiskeysociety.com/whiskey-profile/3855/Bains-Cape-Mountain-Whisky
Andy,cplus,n:  Raw wood and a slice of lemon. p:  Thin mouthfeel.  Lemony.  Actually the nose is very in line with the palate.   Hint of white pepper takes over toward the finish. Pretty easy to forget. ,Balblair 2001,OB,N/A,Scotch,2001,Single Malt,46.00,Highland,60,Better Stores,http://www.lawhiskeysociety.com/whiskey-profile/3335/Balblair-2001
Fuji,cminus,N: Sweet oak and toffee. A bit winey and toasty.  P: Tastes Funky and weird almost metallic and rusty. Lemon finish. ,Balblair 2001,OB,N/A,Scotch,2001,Single Malt,46.00,Highland,60,Better Stores,http://www.lawhiskeysociety.com/whiskey-profile/3335/Balblair-2001
Andy,bplus,n:  Glazed nuts.  Good. p:  Walnuts.  Sweet and velvety with a potpourri finish. ,Balcones 5th Anniversary Single Barrel,OB,N/A,American,N/A,Bourbon,64.20,Texas,95,Specialty Stores,http://www.lawhiskeysociety.com/whiskey-profile/3283/Balcones-5th-Anniversary-Single-Barrel
Andy,b,n:  Very medicinal.  Band-aidy p:  Sweet and ashy. Vegetable oil.  Not an Islay but just as peaty in it's own way.  Perhaps watered down just a tad much. ,Ballechin 2004 The Ultimate,The Ultimate Whisky Co,11 yrs,Scotch,2004,Single Malt,46.00,Highland,65,Wide,http://www.lawhiskeysociety.com/whiskey-profile/3675/Ballechin-2004-The-Ultimate
Andy,bplus,n:  Oats in a bucket p:  Black pepper in steak juice.  Great finish. B+/A- ,Balmenach 1988 Signatory (for K&L),Signatory,25 yrs,Scotch,1988,Single Malt,56.00,Speyside,130,Collectors Only,http://www.lawhiskeysociety.com/whiskey-profile/3612/Balmenach-1988-Signatory-(for-K-and-L)
Andy,b,n:  Polyeurethane and simple syrup p:  Seasoned wood lemon.  Bitter and a bit hot.  Full flavored but only in an average way. B-/B ,Balvenie 15 Single Barrel Cask 11161,OB,15 yrs,Scotch,1997,Single Malt,47.80,Speyside,100,Better Stores,http://www.lawhiskeysociety.com/whiskey-profile/3723/Balvenie-15-Single-Barrel-Cask-11161
Andy,b,Cask 16271 reviewed n:  Olive oil with small sprinkles of potpourri. p:  Thick oily mouthfeel.  Unsweetened butterscotch with a hint of spiced cedar.  Finish isn't top notch but it does stick around. An easy sipper with character. ,Balvenie 15 Single Barrel Sherry,OB,15 yrs,Scotch,N/A,Single Malt,47.80,Speyside,95,Better Stores,http://www.lawhiskeysociety.com/whiskey-profile/3258/Balvenie-15-Single-Barrel-Sherry
Ries,bplus,n: malt black cherries and chocolate syrup. A lot of warm butterscotch and candied almonds. t: nice sherry quality; raspberry jam and cocoa with oak. Nice density to this for the mouthfeel. Middle is all vanilla cream burnt butter and black cherry juice. Short finish of oak and light strawberries. This would make a nice gift.,Balvenie 15 Single Barrel Sherry,OB,15 yrs,Scotch,N/A,Single Malt,47.80,Speyside,95,Better Stores,http://www.lawhiskeysociety.com/whiskey-profile/3258/Balvenie-15-Single-Barrel-Sherry
Fuji,bminus,N: Graham cracker caramelized carrots sweet white wine and salted butter on toasted white bread. P: Alot of white and green fruit that is tangy and tart.  Dries out mid-palate with sour dough and white pepper and corn.  Short waxy finish. Generous B- ,Balvenie Tun 1509 Batch 2,OB,N/A,Scotch,N/A,Single Malt,50.30,Speyside,350,Wide,http://www.lawhiskeysociety.com/whiskey-profile/3665/Balvenie-Tun-1509-Batch-2
Andy,b,n:  Vanilla cream and wood planks p:  Nutmeg and spanish cedar.  Goes woody toward the finish.,Balvenie Tun 1509 Batch 2,OB,N/A,Scotch,N/A,Single Malt,50.30,Speyside,350,Wide,http://www.lawhiskeysociety.com/whiskey-profile/3665/Balvenie-Tun-1509-Batch-2
Andy,bplus,p:  Lot of vanilla cream and leather.  Nice velvety and oily mouthfeel that is its best characteristic.  Hints of mint.  This is solid whiskey.,Barrell Whiskey Batch 002, ,9 yrs,American,N/A,Bourbon,61.90,Indiana,60,Specialty Stores,http://www.lawhiskeysociety.com/whiskey-profile/4094/Barrell-Whiskey-Batch-002
Andy,cplus,n:  Moldy citrus p:  musty and dull.  Toffee.  Glenrothesy.  Not in any way offensive. Or interesting. C/C+ ,Ben Nevis 1995 Montgomerie's Rare Select,Montgomerie and Co.,18 yrs,Scotch,1995,Single Malt,46.00,Highland,80,Specialty Stores,http://www.lawhiskeysociety.com/whiskey-profile/3919/Ben-Nevis-1995-Montgomeries-Rare-Select
Andy,bplus,n:  Apple pie heavy on the crust p: Spearmint and champagne grapes at first then heads toward fabric or tweed in a fun transition where the flavor intensifies before it proceeds to a solid finish.,Ben Nevis 1996 Whisky-Fassle,Whisky-Fassle,19 yrs,Scotch,N/A,Single Malt,50.10,Highland,80,Overseas Specialty,http://www.lawhiskeysociety.com/whiskey-profile/3733/Ben-Nevis-1996-Whisky-Fassle
Andy,bminus,n:  Dank wood and cinnamon. p:   Sour peat.  Earthy with a hint of cedar.  It's got a sharp flavor that fades fast. B-/B ,Benriach 17 Septendecim,OB,17 yrs,Scotch,N/A,Single Malt,46.00,Speyside,80,Specialty Stores,http://www.lawhiskeysociety.com/whiskey-profile/3676/Benriach-17-Septendecim
Fuji,c,Motor oil BBQ briquette heavy peat iodine and new band aids.  Matchsticks. Intense peat and smoked meats but surprisingly boring and forgettable. ,Benriach 17 Septendecim,OB,17 yrs,Scotch,N/A,Single Malt,46.00,Speyside,80,Specialty Stores,http://www.lawhiskeysociety.com/whiskey-profile/3676/Benriach-17-Septendecim
Andy,bplus,n:  Gorgeous.  Mulling spices. p:  Salted caramel.  Champagne grapes.  Wintergreen.  Fun and complex although the finish loses out fast. B+/A- ,Benriach 1979 Adelphi,Adelphi,32 yrs,Scotch,1979,Single Malt,48.40,Speyside,300,Specialty Stores,http://www.lawhiskeysociety.com/whiskey-profile/3808/Benriach-1979-Adelphi
Sku,bminus,The nose has heavy sharp peat. The palate has sweet peat notes and then gets a bit sour.  It has a great peaty finish on the nose.  This is very BenRiach with its sharp peat notes.  It's a bit one note as the peated BenRiachs tend to be but it's quite decent.,BenRiach 1994 (K&L),OB,19 yrs,Scotch,1994,Single Malt,53.00,Speyside,110,Specialty Stores,http://www.lawhiskeysociety.com/whiskey-profile/3574/BenRiach-1994-(K-and-L)
Andy,b,N:   kilcholmanny.  Red hots.  Orange slice candy. P:   cinnamon sticks.  Very cinnamon really. Bit of tar and prunes.  B/B+,BenRiach 1994 (K&L),OB,19 yrs,Scotch,1994,Single Malt,53.00,Speyside,110,Specialty Stores,http://www.lawhiskeysociety.com/whiskey-profile/3574/BenRiach-1994-(K-and-L)
Fuji,cplus,N: Diesel iodine pretzel chip fresh cut lumber and damp woodP: Strong peat and BBQ notes initially followed by alot of soapF: Pear apple and smoke on the finish The soap on this ruins an otherwise pleasant malt. ,BenRiach 1994 (K&L),OB,19 yrs,Scotch,1994,Single Malt,53.00,Speyside,110,Specialty Stores,http://www.lawhiskeysociety.com/whiskey-profile/3574/BenRiach-1994-(K-and-L)
Ries,cplus,n: charred cherry fruit roll ups vegetal earthy peat Vanilla Coke-nice peat to this with a red jam nose and hint of cinnamon.    t: damp earth and over ripe berries. Balsa wood and damp char.  Sour brine with a bit of bar soap in finish. Mostly peat with a bit of burnt red berry.,BenRiach 1994 (K&L),OB,19 yrs,Scotch,1994,Single Malt,53.00,Speyside,110,Specialty Stores,http://www.lawhiskeysociety.com/whiskey-profile/3574/BenRiach-1994-(K-and-L)
Andy,bplus,n:  Caramel candies in an antique wood.  Dried cranberries. p:  Cedar sawdust.  Chewy and full flavored.  Raisins and toffee.  Less sweet than the nose suggest.  The strength on the finish fades fast but the last bit lasts for well longer than it took to write this review. Not overwhelming by any means but certainly enjoyable. ,Benriach 35,OB,35 yrs,Scotch,N/A,Single Malt,42.50,Speyside,650,Overseas Specialty,http://www.lawhiskeysociety.com/whiskey-profile/3797/Benriach-35
Andy,b,n: honey and lemon p:  waxy bitter orange wedge candy    ,Benrinnes 15yr Flora & Fauna,OB,15 yrs,Scotch,N/A,Single Malt,43.00,Speyside,50,Overseas Specialty,http://www.lawhiskeysociety.com/whiskey-profile/3926/Benrinnes-15yr-Flora-and-Fauna
Andy,cplus,n: Cheerios and cardboard. p:  Neutral and bitter.  Burnt toffee.  Meh. C+/B- ,Black Bull 21,Duncan Taylor,21 yrs,Scotch,N/A,Blend,50.00,,150,Better Stores,http://www.lawhiskeysociety.com/whiskey-profile/3364/Black-Bull-21
Fuji,cplus,Semi sweet vanilla with fruit (apple and pear),Black Bull 21,Duncan Taylor,21 yrs,Scotch,N/A,Blend,50.00,,150,Better Stores,http://www.lawhiskeysociety.com/whiskey-profile/3364/Black-Bull-21
Andy,b,n:  hints of apple peels and light plastic. p:  Sweet with dark fruits and nuts.  Perhaps a very good fruitcake albeit light on the spices. Safely comparable to other 15yr sherries at least in the quality of the spirit itself.,Bladnoch Adela, ,15 yrs,Scotch,N/A,Single Malt,46.70,Lowland,120,Specialty Stores,http://www.lawhiskeysociety.com/whiskey-profile/4086/Bladnoch-Adela
Andy,bplus,n:  Fresh fruitcake topped with mint p:   Cherry limeade.  Damp pine.   Very chewy with a great finish. B+/A-   I have a feeling that this one will get better once it has been opened for a while. ,Blair Athol 1988 Signatory for K&L 26yr,Signatory,26 yrs,Scotch,1988,Single Malt,54.30,Highland,180,Specialty Stores,http://www.lawhiskeysociety.com/whiskey-profile/3781/Blair-Athol-1988-Signatory-for-K-and-L-26yr
Ries,bplus,n: burnt dark vanilla bean tiramisu with dried cherries orange furniture wax. Dried peach + vanilla wafers. t: follows nose but with a peculiar grilled peach flavour and mint chewing gum. Part of me really likes this part of me is perplexed (interesting combination of flavours). Middle is dusty oak apricots and black tea. Nice older style sherry with an earthy dry finish. Juicy prunes - nice and savoury whisky.,Blair Athol 1988 Signatory for K&L 26yr,Signatory,26 yrs,Scotch,1988,Single Malt,54.30,Highland,180,Specialty Stores,http://www.lawhiskeysociety.com/whiskey-profile/3781/Blair-Athol-1988-Signatory-for-K-and-L-26yr
Fuji,c,Smells of bad sherry casks cigarette ash and rusty tin metal. Sour pomegranate and cherry flavored cough medicine. Funky sour stuff. Stale sherry and musty stuff,Blair Athol 1988 Signatory for K&L 26yr,Signatory,26 yrs,Scotch,1988,Single Malt,54.30,Highland,180,Specialty Stores,http://www.lawhiskeysociety.com/whiskey-profile/3781/Blair-Athol-1988-Signatory-for-K-and-L-26yr
Chris,bminus,N: Apricots Christmas cake (yum and I swear I did not read Andy's review first) and then damp musty wood (meh and I swear I didn't read Fuji's).P: Wood dominates the palate masking some fruity notes which try to to break through.F: Dry popsicle stick.I had high hopes based on the first whiffs but this cask contributed too much tanin and not enough sugar.   ,Blair Athol 1988 Signatory for K&L 26yr,Signatory,26 yrs,Scotch,1988,Single Malt,54.30,Highland,180,Specialty Stores,http://www.lawhiskeysociety.com/whiskey-profile/3781/Blair-Athol-1988-Signatory-for-K-and-L-26yr
Andy,b,n:  toffee lemons and rubbing alcohol. p:  toffee and almonds or some other blander nut.   Perhap a hint of dark fruit if you search for it.  This is just traditional scotch done decently.,Blair Athol 1995 Old Malt Cask,Hunter Laing,20 yrs,Scotch,1995,Single Malt,50.00,Highland,120,Overseas Specialty,http://www.lawhiskeysociety.com/whiskey-profile/3798/Blair-Athol-1995-Old-Malt-Cask
Andy,bminus,n:  Finely aged gasoline p:  Wow um yeah.  Old rubber car hose dipped in antifreeze.  Perversely enjoyable.  Finish is long and disturbing.  If Tim Burton made a whisky.,Bohemian Bonfire, ,N/A,American,N/A,Single Malt,59.00,California,60,Overseas Wide,http://www.lawhiskeysociety.com/whiskey-profile/3936/Bohemian-Bonfire
Sku,bplus,I'm liking this nose with peat and motor oil like an old garage.  The palate follows suit with thick fuely peat; then there's a sweet note maybe some chocolate maybe some dessert wine that sticks to the roof of your mouth while the rest of your mouth is still finished in peat.  This one's a winner bold but balanced.,Bowmore 2001 Hepburn's Choice,Hunter Laing,12 yrs,Scotch,2001,Single Malt,58.40,Islay,80,Specialty Stores,http://www.lawhiskeysociety.com/whiskey-profile/3397/Bowmore-2001-Hepburns-Choice
Andy,b,n:  Earth and butterscotch p:  Little bit of vegetal funk and brown sugar.  Volcanic ash.  Fun. B/B+ ,Bowmore 2001 Hepburn's Choice,Hunter Laing,12 yrs,Scotch,2001,Single Malt,58.40,Islay,80,Specialty Stores,http://www.lawhiskeysociety.com/whiskey-profile/3397/Bowmore-2001-Hepburns-Choice
Dan,b,Pale white-yellow. Very interesting nose. The smoke is more astringency focused (not necessarily bad). I am getting fruit on this one too maybe some berries? On the tongue the smoke is more on the fringes in a good way. Again I am getting some fruit down the middle. Solid malt. [3/4/15],Bowmore 2001 Hepburn's Choice,Hunter Laing,12 yrs,Scotch,2001,Single Malt,58.40,Islay,80,Specialty Stores,http://www.lawhiskeysociety.com/whiskey-profile/3397/Bowmore-2001-Hepburns-Choice
Ries,b,n: linseed oil creosote post and rubber gym mat initial. Deeper are notes of butterscotch and citrus bar soap. t: off the bat it's sweet but then turns to tar and diesel. Very raw and phenolic that calms down a bit in the middle with some green grass sweetness and chocolate dipped walnuts. Mostly this is a mouth coating of peat smoke that last for a very long finish. Hardcore peatheads will dig this brash scotch.   [B. slightly towards a B+ due to it's uniqueness],Bowmore 2001 Hepburn's Choice,Hunter Laing,12 yrs,Scotch,2001,Single Malt,58.40,Islay,80,Specialty Stores,http://www.lawhiskeysociety.com/whiskey-profile/3397/Bowmore-2001-Hepburns-Choice
Andy,bplus,n: Charcoal and sweet n' low. p: Orange candy coated in ash.  Finish is nice and sticky.  A vibrate adolescent whisky that is showing it's energy.  Fun.    ,Bowmore 2002 Exclusive Casks,The Creative Whisky Company,11 yrs,Scotch,2002,Single Malt,56.80,Islay,85,Specialty Stores,http://www.lawhiskeysociety.com/whiskey-profile/3422/Bowmore-2002-Exclusive-Casks
Fuji,bminus,Abrasive and young. Burns the nose. BBQ peat and young malt. Thin palate. Stale Cheerios and citrus. ,Bowmore 2002 Exclusive Casks,The Creative Whisky Company,11 yrs,Scotch,2002,Single Malt,56.80,Islay,85,Specialty Stores,http://www.lawhiskeysociety.com/whiskey-profile/3422/Bowmore-2002-Exclusive-Casks
Andy,b,n:  Old metal pipe.  Bit of funk  p:  Heavily salted asphalt.  Bitter finish,Bowmore 2002 The Last Red Indian Chief,Jack Wieber's Whisky World,N/A,Scotch,2002,Single Malt,57.70,Islay,70,Overseas Specialty,http://www.lawhiskeysociety.com/whiskey-profile/3724/Bowmore-2002-The-Last-Red-Indian-Chief
Fuji,bminus,N: Iodine BBQ bricks shellfish charred meats and smoke from smoldering wood.   There is a good amount of cinnamon and young whisky oat notes. P: Much of he same on palate. The youth shows by way of oats and barely. Bitter over extracted espresso on the fleeting. But it's fairly satisfy. ,Bowmore 2002 The Last Red Indian Chief,Jack Wieber's Whisky World,N/A,Scotch,2002,Single Malt,57.70,Islay,70,Overseas Specialty,http://www.lawhiskeysociety.com/whiskey-profile/3724/Bowmore-2002-The-Last-Red-Indian-Chief
Andy,cplus,n:  Odd.  Surgery anasthesia.  Almost puts me in the mood to fill out hospital waivers. p:  Vegetal but less sweet than expected from a Braes.  Tad hot.  Slightly bitter finish.  Doesn't go much of anywhere.,Braes of Glenlivet 1989 Duncan Taylor Cask 1070,Duncan Taylor,18 yrs,Scotch,1989,Single Malt,50.20,Speyside,140,Specialty Stores,http://www.lawhiskeysociety.com/whiskey-profile/3468/Braes-of-Glenlivet-1989-Duncan-Taylor-Cask-1070
Fuji,bminus,N: Butter and olive oil.  Lemon cake frosting and evergreenP: Sweet and savory.  Toasty biscuits and tangy fruit ,Braes of Glenlivet 1989 Duncan Taylor Cask 1070,Duncan Taylor,18 yrs,Scotch,1989,Single Malt,50.20,Speyside,140,Specialty Stores,http://www.lawhiskeysociety.com/whiskey-profile/3468/Braes-of-Glenlivet-1989-Duncan-Taylor-Cask-1070
Andy,bminus,n:  Lemons and crushed almonds. p:  Citrus almost cloyingly tangy.  Pencil wood.  Bit salty but not peaty.  Vibrant but not especially complex. ,Bruichladdich 1990 Signatory Vintage (for K&L),OB,23 yrs,Scotch,1990,Single Malt,54.80,Islay,160,Specialty Stores,http://www.lawhiskeysociety.com/whiskey-profile/3482/Bruichladdich-1990-Signatory-Vintage-(for-K-and-L)
Fuji,bminus,N:Old wine wet rusty tin pale raw sour dough and rock salt. The smell of a power saw cutting through marble. P:Tangy fruit and warm malt. Lemon zest and flour. Somewhat fuzzy and musty mid palate. F:Mustiness of white silver needle tea. ,Bruichladdich 1990 Signatory Vintage (for K&L),OB,23 yrs,Scotch,1990,Single Malt,54.80,Islay,160,Specialty Stores,http://www.lawhiskeysociety.com/whiskey-profile/3482/Bruichladdich-1990-Signatory-Vintage-(for-K-and-L)
Sku,bplus,The nose is crisp and fruity with some malt notes. The palate is malty with sweet fruity leading into an earthy finish. Very nice bourbon cask malt with strong flavors and strong proof.  ,Bruichladdich 1990 Signatory Vintage (for K&L),OB,23 yrs,Scotch,1990,Single Malt,54.80,Islay,160,Specialty Stores,http://www.lawhiskeysociety.com/whiskey-profile/3482/Bruichladdich-1990-Signatory-Vintage-(for-K-and-L)
Andy,b,n: Rich and flavorful. Creme Broulle. p:  Citrus and honey.  Firewood.  Flavorful if not great. B-/B ,Bruichladdich Cuvee 382,OB,N/A,Scotch,N/A,Single Malt,46.00,Islay,200,Specialty Stores,http://www.lawhiskeysociety.com/whiskey-profile/3932/Bruichladdich-Cuvee-382
Andy,b,n:  Vegetal.  Boggy.  Cut weeds. p:  Bit thin. Slow to express itself but when it does its a bit like an overly leafy salad with no dressing.  There's heat like from a red hot that lingers for a while but with only a small fraction of that flavor. Thin mouthfeel definitely a disappointment.B-  Separate tasting:  B+ ,Bunnahabhain 1973 Archives,Archives,40 yrs,Scotch,1973,Single Malt,50.60,Islay,270,Overseas Specialty,http://www.lawhiskeysociety.com/whiskey-profile/3362/Bunnahabhain-1973-Archives
Fuji,bminus, ,Bunnahabhain 1973 Archives,Archives,40 yrs,Scotch,1973,Single Malt,50.60,Islay,270,Overseas Specialty,http://www.lawhiskeysociety.com/whiskey-profile/3362/Bunnahabhain-1973-Archives
Andy,b,n: Herb garden and lemon peels p:  Citrus zing with a sweet vegetal flavor.  Lemon and honeysuckle.  Doesn't go too far in the finish however. ,Bunnahabhain 1990 Nectar of the Daily Drams,Nectar,23 yrs,Scotch,1990,Single Malt,49.80,Islay,150,Overseas Specialty,http://www.lawhiskeysociety.com/whiskey-profile/3865/Bunnahabhain-1990-Nectar-of-the-Daily-Drams
Andy,cplus,n:  A bit sour.  Like a bad finish. p: Wood varnish and sugary oatmeal. Thin and watery. Hints toward plums but doesn't quite make it.  Finish goes nowhere. C/C+ ,Cadenhead Creations 20yr Batch 1,Cadenhead,20 yrs,Scotch,N/A,Blend,46.00,,99,Specialty Stores,http://www.lawhiskeysociety.com/whiskey-profile/3196/Cadenhead-Creations-20yr-Batch-1
Fuji,cplus,N: Melted sugar warm wax pencil shavings and white pepper.P: Light and refreshing fruits on the palate.   Touch of honeycomb.F: Medium finish ,Cadenhead Creations 20yr Batch 1,Cadenhead,20 yrs,Scotch,N/A,Blend,46.00,,99,Specialty Stores,http://www.lawhiskeysociety.com/whiskey-profile/3196/Cadenhead-Creations-20yr-Batch-1
Andy,d,n:  Whoa.  Moonshine and bleach. p:  Sour then hot.  Nothing good in between. ,California Moonshine,Fog's End Distillery,N/A,American,N/A,Corn,50.00,California,25,Specialty Stores,http://www.lawhiskeysociety.com/whiskey-profile/3267/California-Moonshine
Andy,bplus,n:  Tin pail with a hint of tar residue p: Sweet and oily.  Salted and musty.  Doesn't seem too overly peated but there are some classic Caol Ila notes here that are at their best here.  Long chewy finish. B+/A- ,Caol Ila 1983 Frisky Whisky,Frisky Whisky,27 yrs,Scotch,1983,Single Malt,52.00,Islay,150,Overseas Specialty,http://www.lawhiskeysociety.com/whiskey-profile/3680/Caol-Ila-1983-Frisky-Whisky
Andy,b,n:  Wood finish and a leather saddle p:   Sweetened ash.  Soft but solidly flavorful.  A gentleman's peat dram.  An easy sipper that may not impress but goes down with ease. B/B+ ,Caol Ila 1983 Signatory (for K&L),Signatory,30 yrs,Scotch,1983,Single Malt,50.50,Islay,300,Specialty Stores,http://www.lawhiskeysociety.com/whiskey-profile/3555/Caol-Ila-1983-Signatory-(for-K-and-L)
Sku,b,Nose is lightly peated malt with fruit in the back.  Palate has great balance of sweet fruit notes and peat.  Balance lasts into the finish.  Nice malt well balanced great classic peaty character. B/B+ ,Caol Ila 1983 Signatory (for K&L),Signatory,30 yrs,Scotch,1983,Single Malt,50.50,Islay,300,Specialty Stores,http://www.lawhiskeysociety.com/whiskey-profile/3555/Caol-Ila-1983-Signatory-(for-K-and-L)
Andy,b,n:  Wood finish on a burnt log. p:  pool water and charcoal. Sharp and crisp. Hint of red hots. Goes moldy oranges toward the finish.   ,Caol Ila 1983 Signatory CS Cask #5286,Signatory,30 yrs,Scotch,1983,Single Malt,53.80,Islay,450,Specialty Stores,http://www.lawhiskeysociety.com/whiskey-profile/3481/Caol-Ila-1983-Signatory-CS-Cask-number5286
Andy,aminus,n:  Fantastic.  Mint new bicycle tube and cedar.   p:  Spearmint redhots then fresh cut firewood.  White pepper plays around from start to finish. A-/A ,Caol Ila 1984 Cadenhead's,Cadenhead's,31 yrs,Scotch,1984,Single Malt,54.30,Islay,200,Overseas Specialty,http://www.lawhiskeysociety.com/whiskey-profile/3782/Caol-Ila-1984-Cadenheads
Fuji,b,N: Sharp ferric iron notes mixed with peach juice and lush peat. Grilled fish with lemon and butter. P: Gentle peat smoke followed by sweet corn and soft yellow peaches. Ash emerges mid-palate. F: Dilute sweet tea. It doesn't stick around long.,Caol Ila 1984 Cadenhead's,Cadenhead's,31 yrs,Scotch,1984,Single Malt,54.30,Islay,200,Overseas Specialty,http://www.lawhiskeysociety.com/whiskey-profile/3782/Caol-Ila-1984-Cadenheads
Andy,bminus,n:  Cherry cocktail in a metal pipe p:  Salt soil and bad wine.  Dark fruit finish. ,Caol Ila 1990 Murray McDavid Mission,Murray McDavid,21 yrs,Scotch,1990,Single Malt,49.90,Islay,115,Specialty Stores,http://www.lawhiskeysociety.com/whiskey-profile/3184/Caol-Ila-1990-Murray-McDavid-Mission
Fuji,b,Big bbq and peat smoke.  Similar to the 17 year old but its lost a bit of its edge.  Still good though,Caol Ila 1990 Murray McDavid Mission,Murray McDavid,21 yrs,Scotch,1990,Single Malt,49.90,Islay,115,Specialty Stores,http://www.lawhiskeysociety.com/whiskey-profile/3184/Caol-Ila-1990-Murray-McDavid-Mission
Andy,b,n:  Vaporous.  May cause tears.  Old leather furniture.  Hint of red hots. p:  Still hot.  This one needs water.  With water:  Classic Caol Ila with a minty twist.  Charcol mojito. ,Caol Ila 1991 Single Malts of Scotland,Specialty Drinks Ltd.,15 yrs,Scotch,N/A,Single Malt,58.80,Islay,80,Collectors Only,http://www.lawhiskeysociety.com/whiskey-profile/3654/Caol-Ila-1991-Single-Malts-of-Scotland
Andy,b,Unsweetened butterscotch with a peppery finish. B/B+ ,Caol Ila 1995 Old Masters,James MacArthur's,14 yrs,Scotch,1995,Single Malt,58.40,Islay,100,Specialty Stores,http://www.lawhiskeysociety.com/whiskey-profile/3392/Caol-Ila-1995-Old-Masters
Andy,b,n: light asphalt and charcoal.  Classic Caol Ila p:   Asphalt and dark fruit. Gunpowder.  All in all a solid dram that is enjoyable if not exceptional. B/B+ ,Caol Ila 1996 Montgomerie's Rare Select,Montgomerie and Co.,20 yrs,Scotch,1996,Single Malt,46.00,Islay,125,Specialty Stores,http://www.lawhiskeysociety.com/whiskey-profile/3923/Caol-Ila-1996-Montgomeries-Rare-Select
Andy,b,n: pencil eraser and mint p: Bitter charcoal and faint wintergreen.  ,Caol Ila 2006 Carn Mor,Morrison & Mackay Whisky Merchants,8 yrs,Scotch,2006,Single Malt,46.00,Islay,50,Overseas Specialty,http://www.lawhiskeysociety.com/whiskey-profile/3925/Caol-Ila-2006-Carn-Mor
Sku,bminus,The nose not surprisingly is young peated malt.  The palate is very sweet with lots of peat.  There's a slight bitterness late in the palate and into the finish which counteracts the sweetness and it finishes with lots of nice peat on the nose.  It's five year old Caol Ila and that's exactly what it tastes like. B/B- ,Caol Ila 2008 Hepburn's Choice,Hunter Laing,5 yrs,Scotch,2008,Single Malt,61.10,Islay,50,Specialty Stores,http://www.lawhiskeysociety.com/whiskey-profile/3396/Caol-Ila-2008-Hepburns-Choice
Andy,bplus,n:  Red hots and young sweet whisky p:  Sweet and salty.  Werthers original.  Reminds me of the original Elements of Islay Caols.  Almost exactly like a seasalt macaroon.  Happiness! ,Caol Ila 2008 Hepburn's Choice,Hunter Laing,5 yrs,Scotch,2008,Single Malt,61.10,Islay,50,Specialty Stores,http://www.lawhiskeysociety.com/whiskey-profile/3396/Caol-Ila-2008-Hepburns-Choice
Dan,bminus,Very very faint color. Nice smoke one dimensional what you would expect for a 5yr Caol Ila honestly. On the tongue actually a little more oak than I was expecting but at the end of the day the peat shines through. [3/4/15],Caol Ila 2008 Hepburn's Choice,Hunter Laing,5 yrs,Scotch,2008,Single Malt,61.10,Islay,50,Specialty Stores,http://www.lawhiskeysociety.com/whiskey-profile/3396/Caol-Ila-2008-Hepburns-Choice
Ries,bminus,n: sweet paper smoke and dried lemon peel. Scorched lemon custard wet grass and red cinnamon candy. t: initial is sharp cinnamon candy sweetness that turns vegetal in the middle. Heavy white pepper and wood char. Burnt coconut flakes in damp earth finish. Interesting but just too raw.  [B-.],Caol Ila 2008 Hepburn's Choice,Hunter Laing,5 yrs,Scotch,2008,Single Malt,61.10,Islay,50,Specialty Stores,http://www.lawhiskeysociety.com/whiskey-profile/3396/Caol-Ila-2008-Hepburns-Choice
Sku,bminus,Nose: Perfume floral notesPalate: A touch of the earthy notes present in 4A but very diluted tasting though they grow as it goes onFinish: Earthy ,Cardhu 12 ,OB,12 yrs,Scotch,N/A,Single Malt,40.00,Highlands,50,Better Stores,http://www.lawhiskeysociety.com/whiskey-profile/3524/Cardhu-12-
Fuji,cminus,Sweet waxy and bitter.  Tastes watered-down.  ,Cardhu 12 ,OB,12 yrs,Scotch,N/A,Single Malt,40.00,Highlands,50,Better Stores,http://www.lawhiskeysociety.com/whiskey-profile/3524/Cardhu-12-
Andy,c,n: Citrus peels and plums p:  Thin and dull.  Too bitter.  Faint toffee.  zzzzzzz ,Cardhu 12 ,OB,12 yrs,Scotch,N/A,Single Malt,40.00,Highlands,50,Better Stores,http://www.lawhiskeysociety.com/whiskey-profile/3524/Cardhu-12-
Ries,cminus,n: caramel mostly wood paneling I dunno... t: white sugar/simple syrup sweet with a green grass middle. Some green apple but mostly non-descript and thin.,Cardhu 12 ,OB,12 yrs,Scotch,N/A,Single Malt,40.00,Highlands,50,Better Stores,http://www.lawhiskeysociety.com/whiskey-profile/3524/Cardhu-12-
Andy,bplus,n: Honey lemon evergreen p: Hot get water.  Lemon lime spicy tortilla chips.  Antique furniture laed with sugar and chiles.B/B+ ,Chichibu Chibidaru for La Maison du Whisky,OB,N/A,Japanese,2009,Single Malt,61.90,Japan,180,Overseas Specialty,http://www.lawhiskeysociety.com/whiskey-profile/3252/Chichibu-Chibidaru-for-La-Maison-du-Whisky
Fuji,c,Vaporous alcohol. The nose is astringent and hard to get across. Some sweetness and nuttiness can be found. Better on the palate but runs hot. ,Chichibu Chibidaru for La Maison du Whisky,OB,N/A,Japanese,2009,Single Malt,61.90,Japan,180,Overseas Specialty,http://www.lawhiskeysociety.com/whiskey-profile/3252/Chichibu-Chibidaru-for-La-Maison-du-Whisky
Ries,b,Sweet clover and honey. Young and sweet. Green and grassy with butter cookies with heavy spice (like cinnamon thumbprint cookies). Very sweet dense and rich - needs some more time to develop some complexity and even out. Limeade kool-aid powder. Runs hot. ,Chichibu Chibidaru for La Maison du Whisky,OB,N/A,Japanese,2009,Single Malt,61.90,Japan,180,Overseas Specialty,http://www.lawhiskeysociety.com/whiskey-profile/3252/Chichibu-Chibidaru-for-La-Maison-du-Whisky
Andy,bplus,n:  Faint bubblegum p:  Hot water helps.  Lavendar bazooka gum with a maltiness in the background.  Chewy finish that sticks around in a good way.,Chichibu The First 2008 (non-USA),OB,N/A,Japanese,2008,Single Malt,61.80,Japan,150,Overseas Specialty,http://www.lawhiskeysociety.com/whiskey-profile/3188/Chichibu-The-First-2008-(non-USA)
Fuji,cplus,N: Alcohol vapor green apple honey combP: Sour green fruit pickle black pepper ,Chichibu The First 2008 (non-USA),OB,N/A,Japanese,2008,Single Malt,61.80,Japan,150,Overseas Specialty,http://www.lawhiskeysociety.com/whiskey-profile/3188/Chichibu-The-First-2008-(non-USA)
Ries,cplus,Sweet n Low. Quite sweet and floral nectar.  Very sweet in fact all honey. Just the one note of overt sweetness.  [C+/B-],Chichibu The First 2008 (non-USA),OB,N/A,Japanese,2008,Single Malt,61.80,Japan,150,Overseas Specialty,http://www.lawhiskeysociety.com/whiskey-profile/3188/Chichibu-The-First-2008-(non-USA)
Andy,b,n:  Rice krispies treatsp:  A little hot water helps.  Cheerios and sugar.  Wonderbread.Finish goes a little sour,Chichibu The First Aged 3 years (US), ,3 yrs,Japanese,N/A,Single Malt,59.00,Japan,200,Specialty Stores,http://www.lawhiskeysociety.com/whiskey-profile/3187/Chichibu-The-First-Aged-3-years-(US)
Fuji,cplus,N: Paraffin wax honey peanutP: Bright and fruity with alot of salt and malt. ,Chichibu The First Aged 3 years (US), ,3 yrs,Japanese,N/A,Single Malt,59.00,Japan,200,Specialty Stores,http://www.lawhiskeysociety.com/whiskey-profile/3187/Chichibu-The-First-Aged-3-years-(US)
Ries,bminus,Honey and caramel candy. Light waxy lemon peel. Rich and creamy but runs hot. Lacking some depth. This is honey dipped graham crackers with a deep malt backbone.  ,Chichibu The First Aged 3 years (US), ,3 yrs,Japanese,N/A,Single Malt,59.00,Japan,200,Specialty Stores,http://www.lawhiskeysociety.com/whiskey-profile/3187/Chichibu-The-First-Aged-3-years-(US)
Andy,b,n:  cinnamon bun (light on cinnamon)  p:   Hot and spicy!  Needs H20.  Shoe leather and nutmeg.  Generically spicy leaning toward Christmas.  Fun. ,Clynelish 1995 Signatory CS for TWE,Signatory,17 yrs,Scotch,1995,Single Malt,52.60,Highland,110,Overseas Specialty,http://www.lawhiskeysociety.com/whiskey-profile/3639/Clynelish-1995-Signatory-CS-for-TWE
Fuji,c,Balsamic vinegar roasted corn mineral and wet drift wood. Packs a punch so don't inhale too much. Preserved mango pineapple. Crisp citrus tartness mid palate. Fairly astringent. Neutral spirit finish. ,Clynelish 1995 Signatory CS for TWE,Signatory,17 yrs,Scotch,1995,Single Malt,52.60,Highland,110,Overseas Specialty,http://www.lawhiskeysociety.com/whiskey-profile/3639/Clynelish-1995-Signatory-CS-for-TWE
Andy,b,n:  A bit too much alcohol p:  Salt and pepper.  Velvety.  Hints of cardamom.  Luscious finish. Palate far better than nose.,Clynelish 2008 Signatory Vintage for Binny's,Signatory,7 yrs,Scotch,2008,Single Malt,63.80,Highland,50,Specialty Stores,http://www.lawhiskeysociety.com/whiskey-profile/3918/Clynelish-2008-Signatory-Vintage-for-Binnys
Andy,b,n:  Nice.  Suedesugar and fresh cut evergreen. p:  Oats leather wood finish.  Pretty much what you expect from a decent bourbon.  Mouthfeel is a tad thin.  Anise teases around a bit but gives way to a fast finish.  It's a nice easy sipper.,Colorado Straight Bourbon Batch 50,OB,2 yrs,American,N/A,Bourbon,46.00,Colorado,70,Specialty Stores,http://www.lawhiskeysociety.com/whiskey-profile/3804/Colorado-Straight-Bourbon-Batch-50
Andy,b,n:  Typically Caol Ila muted charcoal.  Orange peel and cherries p:  White pepper and moldy fruit (better than it sounds).   Semisweet with a very even flavor from start to finish not unlike Japanese whisky. This is well put together and is easily sipped even at full strength although it isn't going to excite or suprise anyone. B/B+ ,Compass Box 5th and Harrison,Compass Box,N/A,Scotch,N/A,Vatted Malt,55.30,,180,Specialty Stores,http://www.lawhiskeysociety.com/whiskey-profile/3847/Compass-Box-5th-and-Harrison
Ries,bminus,n: dried papaya white pepper dry oak with a hint of paper smoke. t: creme brulee or burnt vanilla custard white bread dough honey hardcandy with a cohesive blanket of soft smoke. Malty middle with oak and hint of olive oil. Dense mouthfeel with caramel and a slight metallic note in the smoked finish.,Compass Box The Lost Blend, ,N/A,Scotch,N/A,Blend,46.00,,120,Better Stores,http://www.lawhiskeysociety.com/whiskey-profile/3512/Compass-Box-The-Lost-Blend
Andy,b,n:  Tropical fruits and peaches p:  Sweet but not overly so.  A hint of alcohol and flowers that sticks around for a while.  Nice silky mouthfeel is the winner for this whisky. ,Compass Box The Lost Blend, ,N/A,Scotch,N/A,Blend,46.00,,120,Better Stores,http://www.lawhiskeysociety.com/whiskey-profile/3512/Compass-Box-The-Lost-Blend
Andy,b,n:  Vanilla and laundry detergent p:   Bog and cashews.  Oily.  Fun but it is almost unseemly.  Almost naughty.  I'm blushing,Connemara 22yr,OB,22 yrs,Irish,N/A,Single Malt,46.00,,165,Overseas Specialty,http://www.lawhiskeysociety.com/whiskey-profile/3866/Connemara-22yr
Fuji,bminus,Smells of moss and damp decaying wood.  Dark bitter peat notes on palate.,Connemara 22yr,OB,22 yrs,Irish,N/A,Single Malt,46.00,,165,Overseas Specialty,http://www.lawhiskeysociety.com/whiskey-profile/3866/Connemara-22yr
